,loss,accuracy,auc,val_loss,val_accuracy,val_auc
0,0.6504526138305664,0.5849761366844177,0.7292133569717407,0.6115168929100037,0.6312330961227417,0.8999210596084595
1,0.5445441603660583,0.7406262159347534,0.9094051122665405,0.45782363414764404,0.8322381377220154,0.94281405210495
2,0.35390740633010864,0.8768199682235718,0.950529932975769,0.27395641803741455,0.898724377155304,0.9634802937507629
3,0.21441730856895447,0.9243654012680054,0.9768099784851074,0.19163663685321808,0.9219172596931458,0.9814872741699219
4,0.1572214663028717,0.9444659352302551,0.9868941307067871,0.14631037414073944,0.9385388493537903,0.9893114566802979
